lat,lon,name,admin1,admin2,cc
37.7577189,45.9784018,1,1,1,
37.8054805,45.8995042,2,1,1,
37.7818413,45.9038288,3,1,1,
37.8443261,45.9729822,4,1,1,
37.9163003,46.1243894,5,2,1,
37.9389278,45.9800159,6,2,1,
37.9471891,46.1184603,7,2,1,
38.4774934,47.0662215,8,3,1,
38.8604709,47.3683131,9,3,1,
37.8429496,46.8339774,10,4,1,
37.7257203,46.9375589,11,4,1,
37.3386053,46.0592907,12,5,1,
37.9955619,46.4749113,13,6,1,
38.0739964,46.2961952,14,6,1,
37.9501802,46.0524977,15,6,1,
38.0278895,46.1474327,16,6,1,
38.937675,45.6251478,17,7,1,
38.8693808,46.0023332,18,7,1,
38.8416756,45.6648065,19,7,1,
37.1287747,46.9750123,20,8,1,
39.1557854,47.03363509,21,9,1,
37.948976,47.119787,22,10,1,
37.9407851,47.5374867,23,10,1,
37.8811174,47.1008591,24,10,1,
38.0806733,47.1317722,25,10,1,
38.3168836,45.3590459,26,11,1,
38.1934507,45.6298023,27,11,1,
38.1997037,45.8124325,28,11,1,
38.1783704,45.7002363,29,11,1,
38.1786897,45.4892529,30,11,1,
38.1623547,45.6717498,31,11,1,
38.27694,45.981373,32,11,1,
38.1865623,45.5751442,33,11,1,
38.1304823,45.7129464,34,11,1,
37.4969626,45.9735062,35,12,1,
37.4770929,45.8936922,36,12,1,
39.0431974,47.3169755,37,13,1,
38.8653368,47.038217,38,13,1,
37.3127515,46.5310312,39,14,1,
37.3916705,46.2397524,40,14,1,
-1,-1,41,15,1,
38.5880287,45.8319818,42,15,1,
38.458553,45.5673225,43,15,1,
38.4306358,45.7741,44,15,1,
38.5223144,45.6404499,45,15,1,
37.0111324,46.2059139,46,16,1,
37.1822142,46.0577072,47,16,1,
37.1429593,46.104082,48,16,1,
37.2476155,48.0566578,49,17,1,
-1,-1,50,17,1,
37.6162908,47.7709614,51,17,1,
37.5451549,47.39923859,52,17,1,
37.428343,47.705862,53,17,1,
38.6851329,46.1697582,54,18,1,
38.5087607,46.6487801,55,18,1,
38.131648,46.9471214,56,19,1,
38.1529122,46.5827856,57,19,1,
38.0922769,47.082889,58,19,1,
38.1035391,46.9922274,59,19,1,
38.2472611,47.1162759,60,19,1,
37.34697,46.7629592,61,20,1,
37.4764996,47.0495919,62,20,1,
37.5493473,45.0682863,63,21,2,
37.7269847,44.6423876,64,21,2,
37.4216528,44.8543213,65,21,2,
37.9929508,45.0370956,66,21,2,
37.7345037,45.0510944,67,21,2,
37.0418235,45.0983499,68,22,2,
36.9835017,45.1431549,69,22,2,
36.521831,46.2123547,70,23,2,
36.7303445,46.1534194,71,23,2,
39.3476817,45.0687348,72,24,2,
39.0113161,45.0593794,73,24,2,
36.6994559,45.140337,74,25,2,
36.8084866,45.264528,75,25,2,
36.4007658,47.1117125,76,26,2,
39.3301839,44.1538901,77,27,2,
-1,-1,78,27,2,
38.88143575,44.86902589,79,28,2,
38.7139034,45.206595,80,29,2,
38.5504343,44.95354,81,29,2,
38.4614758,45.0252181,82,29,2,
38.8071305,44.5842985,83,29,2,
38.5821035,44.8316495,84,29,2,
38.4714718,44.4099457,85,29,2,
36.2092112,45.5542469,86,30,2,
36.1553184,45.4799637,87,30,2,
36.4055055,45.3719463,88,30,2,
38.1751182,44.6915009,89,31,2,
38.1969035,44.7685015,90,31,2,
36.6784386,46.5656627,91,32,2,
36.8355495,46.3573777,92,32,2,
36.7192901,46.51551004,93,32,2,
39.2178874,44.7711898,94,33,2,
39.1489451,44.9523404,95,33,2,
39.3886668,44.3876859,96,34,2,
39.2910508,44.4521426,97,34,2,
36.5076009,45.7966787,98,35,2,
36.7651739,45.7218136,99,35,2,
36.9546339,46.3247366,100,36,2,
37.1250023,45.9772001,101,36,2,
36.9695588,46.0993809,102,36,2,
36.9841837,45.5167584,103,37,2,
36.9555967,45.3878933,104,37,2,
38.2493585,48.297455,105,38,3,
38.0800655,48.5051651,106,38,3,
39.378137,48.3496043,107,39,3,
39.4356852,48.0946149,108,39,3,
-1,-1,109,40,3,
39.4417175,47.4102145,110,40,3,
39.6461735,47.918551,111,40,3,
39.5608387,48.07496712,112,40,3,
37.6192217,48.5278144,113,41,3,
37.3889125,48.7221802,114,41,3,
37.3670995,48.3200563,115,41,3,
38.1491656,48.07109,116,42,3,
37.6848829,48.3408045,117,43,3,
39.045299,47.7448756,118,44,3,
39.0288619,48.08053,119,44,3,
38.6296398,48.0956519,120,45,3,
-1,-1,121,45,3,
38.3837047,47.5455522,122,45,3,
38.5081222,47.8316745,123,45,3,
38.7456198,47.7469884,124,45,3,
38.25585505,47.74063537,125,45,3,
38.28365,48.5527012,126,46,3,
38.4900003,48.4355097,127,46,3,
38.4240161,48.4840477,128,46,3,
37.9551779,48.2353201,129,47,3,
38.034005,47.9991069,130,47,3,
34.0699819,51.4763424,131,48,4,
33.90257625,51.76457776,132,48,4,
-1,-1,133,48,4,
34.0776414,51.4338827,134,48,4,
33.3797762,52.3724967,135,49,4,
33.4469079,52.4948886,136,49,4,
33.5252176,52.2132573,137,49,4,
32.4369187,52.3848988,138,50,4,
32.6707877,51.6650002,139,50,4,
32.4885313,51.7790514,140,50,4,
32.7198176,52.6673493,141,50,4,
-1,-1,142,50,4,
32.5094459,51.9378864,143,50,4,
32.6900849,52.1254256,144,50,4,
32.7040579,51.8330476,145,50,4,
33.94131225,51.33005659,146,50,4,
32.3250781,52.1110092,147,50,4,
32.2792223,52.0600418,148,50,4,
32.3041598,52.2032026,149,50,4,
33.5425225,50.5000292,150,50,4,
32.5625906,52.4355327,151,50,4,
32.8276538,51.7757315,152,51,4,
32.7776241,51.649011,153,51,4,
32.8015531,51.6640173,154,51,4,
32.803716,51.69628,155,51,4,
32.8536719,51.6563384,156,51,4,
33.04060635,51.78471769,157,51,4,
32.9055468,51.809343,158,51,4,
-1,-1,159,52,4,
-1,-1,160,52,4,
32.72238845,51.14868019,161,53,4,
-1,-1,162,53,4,
-1,-1,163,53,4,
32.7743148,50.62360838,164,54,4,
32.836839,50.5717108,165,54,4,
32.6514707,51.4843943,166,55,4,
32.6797333,51.5785296,167,55,4,
32.61464195,51.55670166,168,55,4,
32.6391832,51.5004056,169,55,4,
33.22692,50.3146044,170,56,4,
34.0422837,54.4150165,171,57,4,
33.7818924,55.0747871,172,57,4,
33.844903,54.9470758,173,57,4,
31.9354391,51.6533424,174,58,4,
31.9370311,51.7543282,175,58,4,
31.1971774,51.7245141,176,59,4,
31.4136588,51.5708254,177,59,4,
31.067191,51.5934004,178,59,4,
31.5280386,51.3237006,179,59,4,
32.8608273,51.5406631,180,60,4,
32.8678119,51.5981358,181,60,4,
-1,-1,182,60,4,
33.5365074,50.6739849,183,60,4,
33.4522614,51.1719845,184,60,4,
33.4158478,51.1820934,185,60,4,
32.0116032,51.8651719,186,61,4,
31.9467152,51.8714747,187,61,4,
32.9852558,50.4128266,188,62,4,
33.0178599,50.4893488,189,62,4,
-1,-1,190,63,4,
-1,-1,191,63,4,
32.5580254,51.5731114,192,64,4,
-1,-1,193,64,4,
32.5121844,51.5337279,194,64,4,
32.468331,51.5595264,195,64,4,
32.6018472,51.497766,196,64,4,
32.5576772,51.5079153,197,64,4,
32.577126,51.4539164,198,64,4,
-1,-1,199,64,4,
33.7827938,51.2252128,200,65,4,
33.5908206,51.212541,201,65,4,
33.753718,51.4325807,202,65,4,
33.9873888,51.4427935,203,65,4,
-1,-1,204,65,4,
-1,-1,205,65,4,
33.970466,51.1457545,206,65,4,
33.456488,50.2883303,207,66,4,
33.5130447,50.4754975,208,66,4,
33.4755802,50.3554565,209,66,4,
32.3762181,51.1890059,210,67,4,
32.3837155,51.2325317,211,67,4,
32.3333972,51.1898097,212,67,4,
32.393093,51.338919,213,67,4,
32.479612,51.3954197,214,67,4,
32.3887062,51.3737142,215,67,4,
32.3783604,51.3148844,216,67,4,
32.4834868,51.4173278,217,67,4,
32.357052,51.378721,218,67,4,
32.3805576,51.5116857,219,68,4,
32.3866108,51.56969299,220,68,4,
32.2661882,51.5639295,221,68,4,
32.3460971,51.4473626,222,68,4,
32.3424135,51.5046633,223,68,4,
32.1968552,51.5007466,224,68,4,
33.3104146,53.6981497,225,69,4,
32.8398145,53.1410521,226,69,4,
32.8610688,53.085985,227,69,4,
32.5566297,51.3714526,228,70,4,
33.1015294,50.9668778,229,70,4,
33.0588931,51.0881056,230,70,4,
32.62883235,51.48091304,231,70,4,
32.6239769,51.3562278,232,70,4,
32.6334121,51.3656199,233,70,4,
33.6916541,52.0076895,234,71,4,
33.6998125,51.9883183,235,71,4,
33.34603105,51.71045971,236,71,4,
33.5136336,51.9140078,237,71,4,
35.7234469,50.3670608,238,72,5,
35.8394861,50.8480555,239,73,5,
-1,-1,240,73,5,
35.9627157,50.7920955,241,73,5,
35.9144669,50.7723122,242,73,5,
35.9641824,50.6858036,243,73,5,
36.177868,50.7655155,244,74,5,
35.722273,50.98889691,245,75,5,
35.7465843,50.9473009,246,75,5,
36.036872,51.1954666,247,76,5,
35.8121955,51.0073853,248,76,5,
35.8598687,50.8663488,249,76,5,
35.7553861,51.0686177,250,76,5,
35.7299002,50.8110899,251,76,5,
35.7598709,50.9187407,252,76,5,
35.8906652,50.6156142,253,77,5,
35.9558897,50.6097443,254,77,5,
32.9897172,47.4223907,255,78,6,
32.898466,47.5728997,256,78,6,
32.7254932,47.6773754,257,78,6,
33.6379365,46.4202743,258,79,6,
33.6967187,46.2967631,259,79,6,
33.8282411,46.3096374,260,80,6,
33.928499,46.1826201,261,80,6,
33.3060497,47.0385999,262,81,6,
33.8619245,46.4518435,263,82,6,
33.6755808,46.7962857,264,82,6,
33.7276558,47.0676741,265,82,6,
33.7675797,46.5654912,266,82,6,
33.7490262,46.6384231,267,82,6,
33.1385109,47.3753599,268,83,6,
32.8862925,47.8538448,269,83,6,
33.0119112,46.8815641,270,84,6,
32.6914932,47.2674712,271,84,6,
32.5209668,47.376702,272,84,6,
33.2280492,46.919563,273,84,6,
33.5673344,46.8139144,274,85,6,
33.3846543,46.5973663,275,86,6,
33.4055827,46.594467,276,86,6,
33.4367192,46.4611802,277,86,6,
33.4694261,46.1888889,278,87,6,
33.1239454,46.1658505,279,87,6,
28.9310786,50.8458443,280,88,7,
28.9880011,51.0357975,281,88,7,
29.24054205,50.31176317,282,88,7,
28.9244728,51.0641358,283,88,7,
29.0246495,51.2523566,284,89,7,
28.8830282,51.2742019,285,89,7,
28.7628729,51.0719232,286,89,7,
28.0322242,52.0649913,287,90,7,
27.8262811,52.3263597,288,90,7,
28.0517466,52.0837191,289,90,7,
29.3604336,51.0713656,290,91,7,
29.2661428,51.2120597,291,91,7,
28.8303842,51.6986659,292,91,7,
29.1544748,51.5293588,293,91,7,
29.4307486,51.2925138,294,91,7,
29.3848355,51.1166292,295,91,7,
29.4696831,50.9909728,296,91,7,
28.9436694,51.4581903,297,91,7,
29.48306,51.2369657,298,91,7,
28.3963734,51.5007714,299,92,7,
28.6543108,51.3758834,300,92,7,
28.3952701,51.7645229,301,92,7,
28.3366456,51.523857,302,92,7,
28.0860502,51.78362048,303,93,7,
28.0623996,51.4771795,304,93,7,
27.874025,51.9596196,305,93,7,
-1,-1,306,93,7,
27.9471043,51.9598451,307,93,7,
29.8407369,50.2645174,308,94,7,
-1,-1,309,94,7,
27.4760027,52.6070411,310,95,7,
27.4980795,52.583854,311,95,7,
-1,-1,312,96,7,
27.8720312,52.0270259,313,96,7,
27.664912,52.3480157,314,96,7,
29.54033985,50.71408518,315,97,7,
-1,-1,316,97,7,
-1,-1,317,98,8,
35.549802,51.2333035,318,98,8,
35.6122189,51.2982423,319,98,8,
35.5031697,51.19386005,320,99,8,
35.5181918,51.181869,321,99,8,
35.5613083,51.164113,322,99,8,
35.4751698,51.6806973,323,100,8,
35.422537,51.7902387,324,100,8,
-1,-1,325,100,8,
35.7285207,51.864313,326,101,8,
35.7371227,51.8172149,327,101,8,
35.2971756,51.6890712,328,102,8,
35.7006177,51.4013785,329,103,8,
35.6231852,52.1528132,330,104,8,
35.7620424,51.9628205,331,104,8,
35.7179802,52.0681882,332,104,8,
35.734772,51.9063798,333,104,8,
35.5505069,52.1684289,334,104,8,
-1,-1,335,105,8,
-1,-1,336,105,8,
-1,-1,337,105,8,
35.5338489,51.4053842,338,106,8,
35.2958052,51.09166791,339,106,8,
35.5991639,51.43353248,340,106,8,
35.517323,51.3618852,341,106,8,
35.78263865,51.44469258,342,107,8,
36.011362,51.4909361,343,107,8,
35.9293609,51.5271914,344,107,8,
35.8204845,51.6321444,345,107,8,
35.5712032,51.0204962,346,108,8,
35.6452441,51.1310219,347,108,8,
35.5735353,51.0868332,348,108,8,
35.6589015,51.0586022,349,108,8,
35.5842473,51.12887225,350,108,8,
35.6000722,51.0627593,351,108,8,
35.6062379,51.0263766,352,108,8,
35.8154903,52.5141334,353,109,8,
35.7556732,52.7730592,354,109,8,
35.7133433,51.1069545,355,110,8,
35.4421824,51.5697005,356,111,8,
35.692438,50.8482841,357,112,8,
35.666763,50.9790423,358,112,8,
35.2110306,51.6725017,359,113,8,
35.3283255,51.6460307,360,113,8,
31.997682,50.6609476,361,114,9,
32.1607711,50.4515108,362,114,9,
31.7499228,50.5502639,363,114,9,
32.0583082,50.5827861,364,114,9,
31.9719093,51.291596,365,115,9,
31.9365711,51.0513348,366,115,9,
-1,-1,367,115,9,
-1,-1,368,115,9,
31.8650116,51.153733,369,115,9,
31.9333253,51.3258702,370,115,9,
32.5422671,50.7453326,371,116,9,
32.4755949,50.7685061,372,116,9,
32.4529354,50.9104233,373,117,9,
32.5215922,50.4018883,374,118,9,
32.3163942,50.6761962,375,118,9,
32.3257366,50.8497369,376,118,9,
32.2224453,50.8392836,377,118,9,
32.2709126,50.98251,378,118,9,
32.2836232,50.8917408,379,118,9,
32.4228214,50.7896658,380,118,9,
32.3906501,50.5714015,381,118,9,
32.2255216,50.7945045,382,118,9,
32.3276473,50.4743756,383,119,9,
32.2537092,50.5976127,384,119,9,
32.1516564,50.6856466,385,119,9,
32.2305757,50.6284832,386,119,9,
32.2549162,50.5624938,387,119,9,
32.2443611,50.5428324,388,119,9,
32.333809,49.9078997,389,120,9,
32.4682525,50.1222437,390,120,9,
32.1669001,50.2758051,391,120,9,
32.0599837,50.7709668,392,121,9,
32.0464968,50.8184796,393,121,9,
32.004757,50.8871785,394,121,9,
31.9344796,50.7276893,395,121,9,
31.5528467,51.0576007,396,122,9,
31.379771,50.8486933,397,122,9,
31.5126237,50.8303948,398,122,9,
31.2931278,51.25909574,399,122,9,
31.5616922,50.60382462,400,122,9,
33.7015379,57.3732972,401,123,10,
33.8662098,57.4253814,402,123,10,
32.8630967,59.2169951,403,124,10,
32.7792099,58.8879164,404,125,10,
-1,-1,405,125,10,
32.9157088,60.0209676,406,126,10,
32.8064566,60.2217692,407,126,10,
33.1495413,59.7165809,408,126,10,
33.000821,60.2266472,409,126,10,
33.6038915,59.9922958,410,127,10,
33.4226757,59.8126423,411,127,10,
33.8862967,58.3810693,412,128,10,
33.8615755,58.5250488,413,128,10,
33.665653,58.3976472,414,128,10,
32.5728594,59.7967053,415,129,10,
32.7063592,59.5243809,416,129,10,
33.2929935,57.5169869,417,130,10,
33.596031,56.9247263,418,130,10,
34.368623,56.9283765,419,130,10,
34.0448547,58.2202617,420,131,10,
34.01816,58.1689746,421,131,10,
33.3309763,59.2341373,422,132,10,
33.6478435,59.7791575,423,132,10,
34.0216542,58.8140837,424,132,10,
33.7258398,59.1893483,425,132,10,
33.9125356,58.9319184,426,132,10,
31.8035023,60.0099186,427,133,10,
31.5431543,60.0349456,428,133,10,
34.9941781,60.3148224,429,134,11,
34.5162755,58.1833975,430,135,11,
34.8055463,58.4372591,431,135,11,
35.2532264,57.8122034,432,136,11,
35.2611338,57.9685311,433,136,11,
-1,-1,434,136,11,
36.3958867,59.2985989,435,137,11,
36.3097179,59.3741338,436,137,11,
34.7401763,60.7755127,437,138,11,
34.8127778,60.8241667,438,138,11,
34.748765,60.6450823,439,138,11,
-1,-1,440,139,11,
35.2432546,60.626313,441,139,11,
35.6871984,61.0943286,442,139,11,
35.4182866,60.3179936,443,139,11,
35.1224857,60.7736351,444,139,11,
-1,-1,445,140,11,
35.2740853,59.2194494,446,140,11,
35.5460635,59.1938079,447,140,11,
35.5855764,58.8787467,448,140,11,
36.638031,57.0743721,449,141,11,
36.7105093,57.4086684,450,142,11,
36.6483961,59.1185005,451,143,11,
36.5725497,59.1966264,452,143,11,
36.4818235,59.1595291,453,143,11,
35.2545313,58.2863427,454,144,11,
35.2116371,58.1508386,455,144,11,
34.5723166,60.1440373,456,145,11,
34.7448255,59.9785539,457,145,11,
34.3995279,60.2571339,458,145,11,
34.3584419,59.8613469,459,145,11,
34.4337222,60.1777943,460,145,11,
36.405159,58.0386871,461,146,11,
36.3521485,56.8766695,462,147,11,
37.3514931,59.0774864,463,148,11,
37.4470313,59.1064876,464,148,11,
37.5178695,59.3411977,465,148,11,
37.5200945,58.9893154,466,148,11,
34.7033333,59.2227778,467,149,11,
34.9751301,59.6245967,468,149,11,
35.2822222,59.5197222,469,150,11,
36.0213929,57.3114755,470,151,11,
36.2134053,57.6808799,471,151,11,
35.9585753,57.766785,472,151,11,
36.5399097,61.1564431,473,152,11,
-1,-1,474,152,11,
35.6858051,60.250539,475,153,11,
35.7664697,59.7345327,476,153,11,
35.701215,59.8465304,477,153,11,
35.5993818,59.9498981,478,153,11,
36.2863586,58.5868002,479,154,11,
36.2976907,58.4637326,480,154,11,
37.6220869,58.4193216,481,155,11,
37.105993,58.5108056,482,155,11,
35.4751589,58.4586724,483,156,11,
35.2444908,58.464248,484,156,11,
-1,-1,485,157,11,
36.9953881,59.7642219,486,157,11,
34.3463245,58.7573243,487,158,11,
34.1511878,58.6392528,488,158,11,
34.350302,58.6859427,489,158,11,
36.2064831,59.7698334,490,159,11,
36.2974945,59.6059232,491,159,11,
36.2862801,59.6722841,492,159,11,
35.9993296,59.5910871,493,159,11,
35.1716343,59.0366756,494,160,11,
35.0223775,58.7859505,495,160,11,
36.4897198,58.7161898,496,161,11,
36.8179746,58.5035404,497,161,11,
36.1442815,59.0158029,498,161,11,
-1,-1,499,161,11,
36.0433722,58.6829884,500,161,11,
36.1063279,59.0597459,501,161,11,
36.210595,58.7922805,502,161,11,
37.0750975,57.5096169,503,162,12,
36.6960952,57.9299731,504,162,12,
37.4759752,57.3319881,505,163,12,
37.3996434,57.53965,506,163,12,
-1,-1,507,163,12,
36.9499996,56.3792939,508,164,12,
37.0997416,56.8492214,509,164,12,
37.3418549,56.886776,510,164,12,
37.9338042,57.1113879,511,165,12,
37.4431601,57.8847592,512,166,12,
37.395352,57.9300305,513,166,12,
37.79141925,57.75559306,514,166,12,
37.6069313,57.8574221,515,166,12,
37.2811331,58.2884947,516,167,12,
37.1147293,58.11716051,517,167,12,
36.9696847,56.2592355,518,168,12,
36.9745545,56.2158601,519,168,12,
36.9870347,56.2888872,520,168,12,
37.5530041,56.92398769,521,169,12,
-1,-1,522,169,12,
37.6370504,56.99247714,523,169,12,
-1,-1,524,169,12,
30.3636097,48.2591475,525,170,13,
29.9786953,48.5189907,526,170,13,
30.1818106,48.5825118,527,170,13,
30.6995647,49.8285336,528,171,13,
30.7590395,49.7040115,529,172,13,
30.8751924,49.853429,530,172,13,
32.1023157,49.42473077,531,173,13,
32.20750145,49.45465457,532,173,13,
32.4041735,48.2512579,533,174,13,
32.458325,48.3521137,534,174,13,
32.7611171,48.2373019,535,174,13,
32.4448307,48.4418611,536,174,13,
32.6826625,48.247497,537,174,13,
31.6572507,48.5934229,538,175,13,
31.3221023,48.6805735,539,175,13,
31.8303661,49.8685539,540,176,13,
31.707783,50.2885498,541,176,13,
31.5246488,49.886497,542,177,13,
31.367373,50.0844132,543,177,13,
31.5359452,49.8708628,544,177,13,
31.3949141,49.88208473,545,177,13,
31.4066455,48.7948143,546,178,13,
31.5841359,48.888229,547,178,13,
31.4855352,48.8758094,548,178,13,
30.54177155,49.0684649,549,179,13,
30.5577268,49.1997454,550,179,13,
30.7079723,49.1635215,551,179,13,
30.5942065,50.2434128,552,180,13,
30.79179735,50.10322754,553,180,13,
30.3267403,50.2208188,554,180,13,
30.6284232,50.304706,555,180,13,
31.4808215,48.4353791,556,181,13,
30.4333105,48.1779858,557,182,13,
30.44715565,48.16819017,558,182,13,
30.3563296,48.2070074,559,182,13,
32.209337,48.5462613,560,183,13,
32.3918951,48.5790869,561,183,13,
32.3780494,48.4032531,562,183,13,
32.4967988,48.8341935,563,183,13,
32.3311531,48.4961792,564,183,13,
32.2978523,48.4295553,565,183,13,
32.2280083,48.4246878,566,183,13,
32.261972,48.4179471,567,183,13,
32.153851,48.4392787,568,183,13,
-1,-1,569,184,13,
31.7215101,47.9867165,570,184,13,
31.5565801,48.1880626,571,184,13,
31.4579456,48.3818881,572,184,13,
30.8939518,49.4093497,573,185,13,
31.0098009,49.4369137,574,185,13,
31.2780254,49.6020152,575,186,13,
30.5392431,48.50549272,576,187,13,
30.7416962,48.4194934,577,187,13,
30.6492516,48.6690288,578,187,13,
31.8750982,48.3388672,579,188,13,
32.1451617,48.3902049,580,188,13,
32.02500155,48.38518967,581,188,13,
32.2003687,48.2489839,582,188,13,
32.1805176,48.2389304,583,188,13,
32.0206734,48.7899226,584,189,13,
32.0892117,48.7684968,585,189,13,
32.0547874,48.8456666,586,189,13,
31.8559767,48.7563581,587,189,13,
31.2395661,48.6512494,588,190,13,
32.2456357,48.8466202,589,191,13,
32.1836847,48.8146563,590,191,13,
32.198813,48.8587387,591,191,13,
32.2120495,48.6722366,592,191,13,
32.2449183,48.8126036,593,191,13,
32.3306321,49.0944,594,192,13,
31.7647539,49.4983012,595,193,13,
32.04333,49.1373245,596,193,13,
31.4462703,49.5288552,597,194,13,
30.3393226,49.751792,598,195,13,
30.2363224,49.7122886,599,195,13,
31.5962386,47.8919447,600,196,13,
31.462778,48.0755697,601,196,13,
36.1436784,49.219963,602,197,14,
36.3038013,49.072849,603,197,14,
36.2520936,49.1302561,604,197,14,
36.2955098,48.0597202,605,198,14,
36.4284545,48.2816192,606,198,14,
35.7565444,48.4811949,607,199,14,
36.2402834,48.5530842,608,199,14,
36.10831425,48.40945759,609,199,14,
36.116691,48.5903473,610,199,14,
36.0443536,48.5057235,611,199,14,
35.8479451,48.1962354,612,199,14,
-1,-1,613,199,14,
36.20354,49.1881871,614,200,14,
36.9773471,48.3731561,615,201,14,
36.6673217,48.4836607,616,201,14,
36.8511873,48.1801063,617,201,14,
36.4345194,48.7940806,618,202,14,
36.9258587,48.953276,619,203,14,
36.9982345,48.7776206,620,203,14,
-1,-1,621,204,14,
36.7456508,47.6716751,622,204,14,
35.2478246,52.4928417,623,205,15,
35.2218074,52.5216992,624,205,15,
36.0268156,54.1405503,625,206,15,
36.167451,54.3379993,626,206,15,
36.4282719,54.2294606,627,206,15,
36.3570835,54.1455832,628,206,15,
35.4638851,53.2135038,629,207,15,
35.5834074,53.3882906,630,208,15,
36.4827556,55.0010717,631,209,15,
36.0790243,55.8098841,632,209,15,
36.3510635,55.0023106,633,209,15,
36.4195026,54.9649915,634,209,15,
36.6737481,55.2968812,635,209,15,
36.4796519,54.6483772,636,209,15,
35.3439147,52.069887,637,210,15,
35.2222875,52.3383855,638,210,15,
35.6539439,53.3379876,639,211,15,
35.7719942,53.3302432,640,211,15,
35.7108029,53.3555769,641,211,15,
36.36207545,56.19257091,642,212,15,
-1,-1,643,213,16,
-1,-1,644,213,16,
-1,-1,645,213,16,
-1,-1,646,213,16,
-1,-1,647,214,16,
-1,-1,648,214,16,
-1,-1,649,215,16,
-1,-1,650,215,16,
-1,-1,651,216,16,
-1,-1,652,217,16,
-1,-1,653,217,16,
-1,-1,654,218,16,
-1,-1,655,218,16,
-1,-1,656,219,16,
-1,-1,657,220,16,
-1,-1,658,220,16,
-1,-1,659,220,16,
-1,-1,660,220,16,
-1,-1,661,220,16,
-1,-1,662,221,16,
-1,-1,663,221,16,
-1,-1,664,221,16,
-1,-1,665,222,16,
-1,-1,666,222,16,
-1,-1,667,223,16,
-1,-1,668,224,16,
-1,-1,669,225,16,
-1,-1,670,225,16,
-1,-1,671,226,16,
-1,-1,672,227,16,
-1,-1,673,228,16,
-1,-1,674,228,16,
-1,-1,675,228,16,
-1,-1,676,229,16,
-1,-1,677,230,16,
-1,-1,678,230,16,
-1,-1,679,231,16,
31.1627056,52.6490454,680,232,17,
31.5158438,52.1247911,681,232,17,
31.1952313,52.4862158,682,232,17,
31.0338723,52.8397513,683,232,17,
31.1915603,52.5155699,684,232,17,
29.914968,53.3089761,685,233,17,
29.1252321,54.0405113,686,234,17,
29.0203737,54.2477453,687,234,17,
29.2006585,53.72760353,688,234,17,
30.8925778,52.688496,689,235,17,
-1,-1,690,235,17,
30.7231669,51.954873,691,235,17,
30.7101418,52.1742262,692,235,17,
30.4894787,53.5923677,693,236,17,
29.9693659,53.87376,694,236,17,
30.0327056,53.7165328,695,236,17,
30.2922977,53.802393,696,236,17,
30.0797928,53.1358118,697,237,17,
30.18526535,53.20594936,698,237,17,
28.9621588,53.2168427,699,238,17,
28.4961762,53.5593366,700,238,17,
28.937829,53.3147706,701,238,17,
28.7017719,52.9536255,702,238,17,
28.6393017,53.6378046,703,238,17,
29.498294,53.3122486,704,239,17,
29.6271573,53.2339929,705,239,17,
30.6120886,53.1952146,706,240,17,
-1,-1,707,240,17,
27.8899259,53.4367822,708,241,17,
28.6548665,54.6837567,709,242,17,
28.753194,54.548149,710,242,17,
28.3071988,55.1923987,711,242,17,
28.2155252,55.133631,712,242,17,
30.3355051,51.2901805,713,243,17,
30.2443946,51.5241743,714,243,17,
28.3590721,54.4206696,715,244,17,
28.4064149,54.1884143,716,244,17,
28.3333299,54.4178307,717,244,17,
30.2623521,51.9836519,718,245,17,
30.0080169,52.3604232,719,245,17,
-1,-1,720,245,17,
29.2721889,53.22157,721,246,17,
29.2306219,52.9562466,722,246,17,
-1,-1,723,247,17,
29.5751121,52.89745177,724,247,17,
29.7788503,52.7185108,725,247,17,
-1,-1,726,247,17,
29.6060218,52.5378041,727,247,17,
29.7997169,52.6504164,728,247,17,
28.4921165,52.3036835,729,248,17,
28.8553783,52.0946443,730,248,17,
29.1225372,52.0151013,731,248,17,
28.7484346,53.8041063,732,249,17,
28.9486348,53.9955053,733,249,17,
28.9366395,53.6510677,734,249,17,
28.8598202,54.16065088,735,249,17,
-1,-1,736,249,17,
28.8545602,53.8259023,737,249,17,
28.845604,52.5727236,738,250,17,
28.8664357,52.7485571,739,250,17,
28.3468462,52.9664812,740,251,17,
-1,-1,741,251,17,
28.482802,53.0357558,742,251,17,
-1,-1,743,251,17,
-1,-1,744,251,17,
29.2869221,51.9394109,745,252,17,
29.5679441,51.3395311,746,252,17,
29.8510025,51.5819119,747,252,17,
29.6202056,51.652273,748,252,17,
29.5327812,51.3960796,749,252,17,
29.8019495,51.6935995,750,252,17,
29.2003014,52.6926076,751,253,17,
27.6701538,54.1378384,752,254,17,
27.7625325,54.0051497,753,255,17,
28.0832919,54.0467988,754,255,17,
27.4298807,53.5141478,755,255,17,
28.2529474,53.9829116,756,255,17,
27.6459069,54.345362,757,255,17,
27.4474729,53.8602178,758,255,17,
27.6619203,54.3229561,759,255,17,
27.6900779,54.38714,760,255,17,
27.2218581,53.6163045,761,256,17,
27.2112114,53.6588384,762,256,17,
27.6248362,52.9976097,763,256,17,
27.333426,53.1816105,764,256,17,
30.3458603,52.24196224,765,257,17,
30.0755424,52.592567,766,257,17,
30.0045006,53.0060452,767,257,17,
30.3222845,52.1932593,768,257,17,
29.8762905,52.8062895,769,257,17,
30.0724542,51.2059662,770,258,17,
30.0090201,51.5737978,771,258,17,
30.1154071,51.5229633,772,258,17,
27.7254045,52.6648188,773,259,17,
27.4480198,52.9723728,774,259,17,
27.6633591,52.6611102,775,259,17,
27.5514645,52.8821254,776,259,17,
27.4668628,53.0501495,777,259,17,
29.60553,53.83208108,778,260,17,
29.1461299,54.7027042,779,260,17,
29.4764819,54.3343068,780,260,17,
29.1972504,54.3267782,781,260,17,
36.0416927,50.5320519,782,261,18,
36.1285497,50.1758838,783,261,18,
35.7572894,49.2849077,784,262,18,
35.5787119,49.2235344,785,262,18,
36.1865866,50.064134,786,263,18,
36.2299677,50.1234128,787,263,18,
36.2169237,50.1481869,788,263,18,
36.2255821,50.1878041,789,263,18,
36.0531207,49.8249049,790,264,18,
35.7679957,50.0579667,791,264,18,
35.811396,49.7420921,792,264,18,
35.7739115,49.9362308,793,264,18,
35.8980371,49.7700946,794,264,18,
35.9353304,49.7479887,795,265,18,
36.0726006,49.6937027,796,265,18,
35.9294793,49.5117431,797,265,18,
-1,-1,798,265,18,
35.9909852,49.6245427,799,265,18,
36.2305623,49.9248188,800,266,18,
36.5411254,50.2117178,801,266,18,
36.6466238,49.1917414,802,266,18,
36.2804074,50.006663,803,266,18,
36.3701265,49.6631317,804,266,18,
-1,-1,805,266,18,
36.451748,50.4753083,806,266,18,
34.7747682,50.5164348,807,267,19,
34.5504237,50.2473376,808,267,19,
34.4783955,50.4577101,809,267,19,
34.6423134,50.8799831,810,267,19,
34.6136599,51.0246432,811,267,19,
34.3930163,50.8648024,812,267,19,
35.931781,45.7966561,813,268,20,
35.9946631,45.8843225,814,268,20,
35.9383195,45.9348089,815,268,20,
36.0583,45.7481,816,268,20,
35.6791869,47.7983782,817,269,20,
35.8729607,47.6027902,818,269,20,
35.7256662,48.09483735,819,269,20,
36.0488063,47.8233496,820,269,20,
36.2843531,47.746568,821,269,20,
35.1406,47.321,822,270,20,
35.280039,47.4189871,823,270,20,
35.9159662,47.0193315,824,271,20,
36.0485911,46.90636784,825,271,20,
35.2526,46.2624,826,272,20,
35.3123202,46.3659551,827,272,20,
36.2427456,46.2705227,828,273,20,
36.2017503,46.4610855,829,273,20,
35.3126047,46.9978639,830,274,20,
35.3570893,46.676496,831,274,20,
35.0641194,47.9661961,832,275,20,
35.2446523,47.9869563,833,275,20,
35.2478257,47.778892,834,275,20,
35.1679005,47.800886,835,275,20,
34.7975071,46.9362721,836,276,20,
35.0574727,47.1525037,837,276,20,
35.5944721,46.0908221,838,277,20,
35.6338173,46.3054099,839,277,20,
35.4644364,46.208135,840,277,20,
35.5219063,46.1758889,841,277,20,
28.4568592,56.3634502,842,278,21,
30.8419668,55.3413062,843,279,21,
30.8724332,55.2720954,844,279,21,
29.2340169,56.6056569,845,280,21,
29.2513403,56.6995331,846,280,21,
29.9283973,56.5717384,847,281,21,
29.9067856,56.6622281,848,281,21,
29.7111348,57.0372966,849,281,21,
29.5230978,56.8158055,850,281,21,
29.8575198,56.8004242,851,281,21,
29.0661863,58.404499,852,282,21,
29.1059864,58.3565663,853,282,21,
28.232769,57.5107436,854,283,21,
28.7903723,57.96108,855,283,21,
28.6697367,57.7373382,856,283,21,
29.2331911,57.3372473,857,283,21,
29.25079825,56.8740134,858,284,21,
29.3229602,57.203694,859,284,21,
31.2676737,56.8069974,860,285,21,
30.7594357,57.0039838,861,285,21,
30.9034647,55.7289235,862,286,21,
30.402184,55.9941776,863,286,21,
30.402184,55.9941776,864,286,21,
30.5263201,55.6424426,865,286,21,
30.3604577,56.04358149,866,286,21,
28.0185535,58.0006441,867,287,21,
27.7899214,58.6201343,868,287,21,
28.6036985,58.73454254,869,288,21,
28.627485,59.1221283,870,288,21,
30.7174008,56.77589,871,289,21,
30.7452118,56.7310201,872,289,21,
30.8134822,56.5672432,873,289,21,
30.8653247,56.3647809,874,289,21,
29.4183169,56.0478165,875,290,21,
29.8735063,55.7493447,876,290,21,
29.3255294,55.7858539,877,290,21,
29.6437853,55.41769163,878,290,21,
29.4447686,55.6712851,879,290,21,
29.3897031,55.7203011,880,290,21,
-1,-1,881,290,21,
30.5167659,55.0329444,882,291,21,
-1,-1,883,291,21,
30.1558292,55.0863353,884,291,21,
30.79402955,54.82998497,885,291,21,
29.7874966,55.2694082,886,291,21,
28.4324169,57.9416463,887,292,21,
28.4779105,57.844051,888,292,21,
28.3601239,58.1590145,889,292,21,
28.0937638,57.2264594,890,293,21,
28.9454742,58.8845357,891,294,21,
27.5239005,57.8771387,892,295,21,
30.3276538,56.9247177,893,296,21,
30.2315368,57.751371,894,296,21,
30.187107,56.8176548,895,296,21,
30.0602871,57.1107791,896,296,21,
30.6012065,56.9087704,897,296,21,
29.5981294,57.4364877,898,296,21,
30.4102939,56.9155312,899,296,21,
30.4196387,57.7023666,900,296,21,
30.5674028,56.844081,901,296,21,
30.2924363,57.0646827,902,296,21,
29.8840436,57.7324102,903,296,21,
30.0536359,57.2883027,904,296,21,
30.0837663,57.162155,905,296,21,
31.4100681,56.2825998,906,297,21,
31.155512,56.3803406,907,297,21,
27.9502255,57.7025775,908,298,21,
27.4014947,57.4949725,909,299,21,
27.4558986,57.38750324,910,299,21,
28.9513934,58.6963456,911,300,21,
28.9163336,58.5496666,912,300,21,
34.1032775,46.5494269,913,301,22,
33.89006015,46.78617911,914,301,22,
34.970525,46.3600038,915,302,22,
34.9813,46.2709,916,302,22,
35.0458307,46.3622191,917,302,22,
35.1808,46.2544,918,302,22,
35.1612676,46.2042463,919,302,22,
34.8322142,45.8424966,920,303,22,
34.7390185,46.1495838,921,303,22,
34.8039724,46.4920807,922,304,22,
34.521723,45.952402,923,305,22,
34.2990982,46.18325867,924,305,22,
34.344125,46.417181,925,305,22,
34.7161309,46.6508369,926,306,22,
34.9409,46.4587,927,306,22,
34.4429106,45.8864958,928,307,22,
34.8126546,47.4612562,929,308,22,
34.7832217,47.5988073,930,308,22,
34.4812132,47.6935934,931,309,22,
34.5843,47.442,932,309,22,
33.9154913,45.7586566,933,310,22,
34.5218483,45.581885,934,310,22,
34.2686793,46.8039666,935,311,22,
34.3239414,47.0735891,936,311,22,
34.44618615,46.59870201,937,311,22,
34.1108,47.0896,938,311,22,
34.5051774,47.9658794,939,312,22,
34.5071703,48.079899,940,312,22,
34.0266,46.329,941,313,22,
34.1411088,45.9140759,942,313,22,
34.3995692,47.4448343,943,314,22,
34.2721,47.5861,944,314,22,
-1,-1,945,315,23,
-1,-1,946,316,23,
-1,-1,947,316,23,
-1,-1,948,316,23,
-1,-1,949,316,23,
30.6573867,51.59911658,950,316,23,
-1,-1,951,317,23,
-1,-1,952,318,23,
-1,-1,953,318,23,
-1,-1,954,319,23,
-1,-1,955,319,23,
-1,-1,956,320,23,
-1,-1,957,320,23,
-1,-1,958,320,23,
-1,-1,959,320,23,
-1,-1,960,321,23,
-1,-1,961,322,23,
37.0875125,55.1725639,962,323,24,
37.1391667,55.1638889,963,323,24,
37.0763889,55.2625,964,323,24,
37.0134841,54.4576664,965,324,24,
37.13275185,54.62139038,966,324,24,
36.77023265,53.94702423,967,325,24,
36.7400119,53.9094891,968,325,24,
36.9612055,54.0867295,969,326,24,
-1,-1,970,327,24,
37.0124523,54.9857238,971,327,24,
37.0355462,55.0492231,972,327,24,
37.0150484,55.1424163,973,327,24,
36.9961957,54.8565871,974,328,24,
-1,-1,975,328,24,
36.900353,54.7501997,976,328,24,
36.9422656,54.8573353,977,328,24,
36.792383,54.1127036,978,329,24,
37.5320498,55.596804,979,330,24,
37.3814474,55.4894121,980,330,24,
37.2719444,55.4325,981,331,24,
36.8547447,54.535716,982,332,24,
36.8924801,54.5690723,983,332,24,
36.8392776,54.4320858,984,332,24,
37.011276,54.231706,985,333,24,
37.0697274,54.0775919,986,333,24,
37.4374803,54.686929,987,334,24,
37.2374227,55.1891172,988,334,24,
37.9042755,55.9549173,989,335,24,
37.2288889,55.3747222,990,336,24,
38.4193239,48.8715278,991,337,25,
38.3082625,48.8675037,992,337,25,
37.26497555,49.94274383,993,338,25,
37.4188972,49.9488125,994,338,25,
37.0961905,50.1844452,995,339,25,
37.0422997,50.2329813,996,339,25,
37.4753694,49.45023316,997,340,25,
37.3742058,49.7581583,998,341,25,
37.3904902,49.6607472,999,341,25,
37.2793607,49.5846102,1000,341,25,
37.179787,49.6947763,1001,341,25,
37.2787049,49.7721208,1002,341,25,
37.3592891,49.8621573,1003,341,25,
37.2551709,49.8150112,1004,341,25,
37.6027033,49.0693636,1005,342,25,
37.5512708,49.1411794,1006,342,25,
36.7738197,49.7547696,1007,343,25,
36.8928479,49.5276938,1008,343,25,
36.7021301,49.7957151,1009,343,25,
36.897394,49.4915717,1010,343,25,
36.8219055,49.4268249,1011,343,25,
36.6279334,49.5162305,1012,343,25,
36.7448499,49.4000305,1013,343,25,
36.9743391,50.57079,1014,344,25,
37.0314749,50.326393,1015,344,25,
37.1381592,50.2927862,1016,344,25,
37.0769158,50.3971953,1017,344,25,
37.03829,50.4058965,1018,344,25,
36.8884879,49.906745,1019,345,25,
37.1521893,49.8716407,1020,345,25,
37.13516755,49.37290005,1021,346,25,
37.1703562,49.4027782,1022,346,25,
37.301672,49.3147378,1023,347,25,
37.3021335,49.2208733,1024,347,25,
-1,-1,1025,347,25,
37.7221513,48.9541713,1026,348,25,
38.1787525,48.8924267,1027,348,25,
38.1479478,48.8945515,1028,348,25,
37.9585381,48.912749,1029,348,25,
37.7974981,48.904184,1030,348,25,
37.2273234,49.3141954,1031,349,25,
37.1551276,48.9899692,1032,349,25,
37.1957815,49.1969213,1033,349,25,
37.25551425,50.00655944,1034,350,25,
37.2060727,50.0028774,1035,350,25,
37.0587584,49.99916066,1036,351,25,
37.2297183,50.2531785,1037,351,25,
37.1559178,50.2161864,1038,351,25,
37.1523678,50.1740681,1039,351,25,
37.1955948,50.1529566,1040,351,25,
-1,-1,1041,352,25,
37.3640801,49.1328792,1042,352,25,
33.4568272,49.4537204,1043,353,26,
33.5945409,49.522325,1044,353,26,
33.4035124,49.6921874,1045,354,26,
33.1853836,49.1906861,1046,354,26,
34.0166865,48.6426479,1047,355,26,
33.8943281,48.7560936,1048,355,26,
33.1524187,47.7117493,1049,356,26,
33.3793239,47.9603107,1050,356,26,
33.6485949,48.5597292,1051,357,26,
33.4842109,48.3538276,1052,357,26,
33.4999202,48.7059909,1053,357,26,
33.2514439,48.84853211,1054,357,26,
34.0726246,47.9728357,1055,358,26,
34.207928,47.7632205,1056,358,26,
33.67325585,48.87559946,1057,359,26,
33.4992998,49.0529575,1058,359,26,
33.5636959,48.0225482,1059,360,26,
33.4866325,48.0304375,1060,360,26,
33.2809639,47.5077418,1061,361,26,
33.8627885,48.2619601,1062,362,26,
33.8982515,48.1034902,1063,362,26,
33.6904944,47.1502234,1064,363,26,
33.5331808,47.6070512,1065,363,26,
33.38047145,47.40675127,1066,363,26,
33.4742486,47.2370614,1067,363,26,
36.4718947,52.3499009,1068,364,27,
36.4062759,52.3095848,1069,364,27,
36.4792745,52.4496747,1070,364,27,
35.8819792,52.1697254,1071,364,27,
35.9038115,52.2246758,1072,364,27,
36.5969933,52.6652777,1073,365,27,
36.5452581,52.6846571,1074,365,27,
36.3810371,52.6007896,1075,365,27,
36.5216636,52.5752104,1076,365,27,
36.431717,52.6578558,1077,365,27,
36.3063786,52.6246893,1078,365,27,
36.3636458,52.7341391,1079,365,27,
36.7008777,52.6481047,1080,366,27,
36.6702899,52.7620524,1081,366,27,
36.6454858,52.6335284,1082,366,27,
36.6911785,53.543415,1083,367,27,
36.7018803,53.640388,1084,367,27,
36.6813186,53.4285792,1085,367,27,
36.8154324,50.8787003,1086,368,27,
36.781374,50.8727556,1087,368,27,
36.8495832,50.7909086,1088,368,27,
36.7486267,51.0358454,1089,368,27,
36.6400238,52.9100038,1090,369,27,
36.6879187,52.9118026,1091,369,27,
36.6506071,51.4222349,1092,370,27,
36.4539728,51.3005763,1093,370,27,
36.6879365,51.3452585,1094,370,27,
36.9225518,50.6431897,1095,371,27,
-1,-1,1096,371,27,
36.4284939,53.1350757,1097,372,27,
36.5658725,53.058569,1098,372,27,
36.172631,53.25178384,1099,372,27,
36.2366087,53.5412514,1100,372,27,
36.066319,52.8366338,1101,373,27,
36.1169618,53.0574831,1102,373,27,
36.1797175,52.9770067,1103,373,27,
36.3004288,52.8815857,1104,374,27,
36.580532,52.8097463,1105,375,27,
36.7050537,51.1960013,1106,376,27,
-1,-1,1107,376,27,
36.6964662,51.2511485,1108,376,27,
36.6830883,52.5217808,1109,377,27,
36.4973944,52.956852,1110,378,27,
36.4636399,52.8579311,1111,378,27,
36.5055519,51.1587669,1112,379,27,
36.7283914,53.8088538,1113,380,27,
36.6726719,52.4530378,1114,381,27,
36.6308963,52.2621156,1115,381,27,
36.596122,53.2108207,1116,382,27,
36.6511824,53.2965182,1117,383,27,
36.5987867,52.135172,1118,384,27,
36.202753,51.8089289,1119,384,27,
36.4773762,52.1167325,1120,384,27,
36.5694026,51.9617002,1121,384,27,
36.5732661,52.0101,1122,384,27,
36.3947555,51.5948604,1123,385,27,
36.3843225,51.7273613,1124,385,27,
36.6503443,51.4915115,1125,385,27,
34.5216784,50.0018687,1126,386,28,
34.0956347,49.6913344,1127,387,28,
34.28480135,49.8584087,1128,387,28,
34.4133717,49.4960624,1129,387,28,
34.1003203,49.9325663,1130,387,28,
34.6927402,50.0146963,1131,388,28,
33.6446965,50.0801376,1132,389,28,
33.67494,49.8760505,1133,389,28,
34.2576054,49.3260118,1134,390,28,
34.3933112,49.1840004,1135,390,28,
33.9880486,50.6862901,1136,391,28,
34.0096318,50.8402395,1137,391,28,
35.3624016,50.6793095,1138,392,28,
35.399491,50.3345777,1139,392,28,
35.3312924,49.9556045,1140,392,28,
35.3830162,50.5644495,1141,392,28,
35.3011297,50.5073612,1142,392,28,
34.78739535,50.42549403,1143,393,28,
35.0206133,50.3584834,1144,393,28,
35.1092029,49.8312434,1145,393,28,
35.1306563,49.7089976,1146,393,28,
33.8855889,49.3521739,1147,394,28,
34.0444771,49.2886966,1148,394,28,
33.9293155,49.4070049,1149,394,28,
33.8800652,49.5326243,1150,394,28,
34.0494861,49.4316734,1151,394,28,
33.7803949,49.2308157,1152,394,28,
34.7562927,49.5320125,1153,395,28,
34.5044405,49.6842027,1154,395,28,
34.7207822,49.3219622,1155,396,28,
34.6211735,49.2047717,1156,396,28,
33.9060573,50.4526427,1157,397,28,
33.8892347,50.5725276,1158,397,28,
-1,-1,1159,398,29,
27.1977195,54.362564,1160,399,29,
27.0173998,54.2839961,1161,399,29,
26.4550218,57.9021823,1162,400,29,
26.5968656,57.8950727,1163,400,29,
27.1793466,56.2781423,1164,401,29,
27.3456738,56.1830029,1165,401,29,
27.5012479,56.6361561,1166,401,29,
27.6310402,55.8952572,1167,401,29,
27.444385,56.5481706,1168,401,29,
-1,-1,1169,402,29,
-1,-1,1170,402,29,
-1,-1,1171,402,29,
-1,-1,1172,402,29,
-1,-1,1173,402,29,
27.2082174,53.0351431,1174,403,29,
27.179885,53.0025795,1175,403,29,
27.2525961,52.8671285,1176,403,29,
25.8709434,57.4593442,1177,404,29,
-1,-1,1178,405,29,
-1,-1,1179,405,29,
-1,-1,1180,405,29,
27.0493696,55.64181178,1181,406,29,
27.4097269,55.27973464,1182,406,29,
-1,-1,1183,407,29,
27.4413347,57.1909085,1184,407,29,
27.7411165,57.2239649,1185,407,29,
26.5180461,57.1018838,1186,408,29,
26.8024898,57.0260523,1187,408,29,
26.5877269,57.0926598,1188,408,29,
26.9674546,56.0778103,1189,409,29,
26.777574,56.0631263,1190,409,29,
26.95195035,56.26638221,1191,409,29,
27.0955031,56.452739,1192,409,29,
27.3396747,56.9567463,1193,410,29,
26.8370511,57.4254084,1194,410,29,
27.1483069,57.0736732,1195,410,29,
27.1525401,57.4469048,1196,410,29,
34.7357024,47.9266027,1197,411,30,
34.7825885,48.1217832,1198,411,30,
34.9059088,48.440865,1199,412,30,
34.9230044,48.3433877,1200,412,30,
34.9746055,48.4750848,1201,412,30,
35.0764851,48.6161213,1202,412,30,
34.5478858,48.4478184,1203,413,30,
34.6022187,48.4508805,1204,413,30,
34.4865511,48.2859752,1205,413,30,
35.4431296,48.8234849,1206,414,30,
35.3884459,49.0344948,1207,414,30,
35.3101504,49.1004503,1208,414,30,
35.1179137,48.9721158,1209,415,30,
35.4926221,48.4515219,1210,416,30,
35.2083683,48.7242053,1211,416,30,
35.28065355,48.16006036,1212,416,30,
34.504361,48.6909354,1213,417,30,
34.4322536,48.6862474,1214,417,30,
34.1552764,49.01032,1215,417,30,
34.2090147,48.704561,1216,417,30,
34.2922623,48.8215749,1217,417,30,
34.2128467,48.2600728,1218,418,30,
34.360476,48.1138221,1219,418,30,
34.1771986,48.2445727,1220,418,30,
34.1896877,48.3716218,1221,418,30,
34.8856081,48.55631,1222,419,30,
34.8594697,49.0033362,1223,419,30,
34.8306393,48.4614319,1224,419,30,
34.7990866,48.5148169,1225,419,30,
31.1324814,53.2803103,1226,420,31,
31.0223563,53.3552819,1227,420,31,
32.3585286,53.9945364,1228,421,31,
32.3063333,54.0159678,1229,421,31,
32.4399758,53.628458,1230,421,31,
32.000526,54.2071804,1231,422,31,
31.8660363,53.9524198,1232,422,31,
31.600182,55.3979115,1233,423,31,
31.876794,56.0191037,1234,424,31,
31.752049,54.217422,1235,425,31,
31.4845702,54.1259966,1236,425,31,
30.4774172,54.2126137,1237,426,31,
30.0585897,54.3674023,1238,426,31,
31.5841945,54.4445661,1239,427,31,
32.2779278,53.9939167,1240,428,31,
32.2511528,54.0159232,1241,428,31,
32.0247386,53.5485895,1242,428,31,
31.8254158,54.3936551,1243,429,31,
31.9903361,54.2354245,1244,429,31,
31.9422469,54.2828268,1245,429,31,
31.8886686,54.3641264,1246,429,31,